<!-- DESC: Macro handling -->
<!-- TTIP: Includes parser, macro manager, and button properties. -->
<logger name="net.rptools.maptool.client.MapToolLineParser">
    <level value="DEBUG" />
    <appender-ref ref="console"/>
</logger>
<logger name="net.rptools.maptool.client.macro.MacroManager">
    <level value="DEBUG" />
    <appender-ref ref="console"/>
</logger>
<logger name="net.rptools.maptool.model.MacroButtonProperties">
    <level value="DEBUG" />
    <appender-ref ref="console"/>
</logger>
<logger name="net.rptools.maptool.model.Token">
    <level value="DEBUG" />
    <appender-ref ref="console"/>
</logger>
